method,epitope,epitope_short,n_clusters,cluster_member_total,cluster_member_target_epitope,cluster_member_other_epitope,match_mode,total,positives,precision,recall,f1,true_positive,false_positive,false_negative,true_negative,predicted_positive,true_positive_total
clustcr,GLCTLVAML,GLC,129,440,440,0,cdr3,193,134,0.6885245901639344,0.6268656716417911,0.6562500000000001,84,38,50,21,122,134
clustcr,YLQPRTFLL,YLQ,69,452,452,0,cdr3,421,172,0.6019417475728155,0.7209302325581395,0.656084656084656,124,82,48,167,206,172
clustcr,GLCTLVAML,GLC,129,440,440,0,cdr3+vj,193,134,0.7387387387387387,0.6119402985074627,0.6693877551020407,82,29,52,30,111,134
clustcr,YLQPRTFLL,YLQ,69,452,452,0,cdr3+vj,421,172,0.6010362694300518,0.6744186046511628,0.6356164383561643,116,77,56,172,193,172
giana,GLCTLVAML,GLC,94,330,330,0,cdr3,193,134,0.7307692307692307,0.1417910447761194,0.2375,19,7,115,52,26,134
giana,YLQPRTFLL,YLQ,108,283,283,0,cdr3,421,172,0.3795620437956204,0.3023255813953488,0.3365695792880259,52,85,120,164,137,172
giana,GLCTLVAML,GLC,94,330,330,0,cdr3+vj,193,134,0.72,0.13432835820895522,0.22641509433962265,18,7,116,52,25,134
giana,YLQPRTFLL,YLQ,108,283,283,0,cdr3+vj,421,172,0.36363636363636365,0.27906976744186046,0.31578947368421056,48,84,124,165,132,172
gliph2,GLCTLVAML,GLC,173,878,878,0,cdr3,193,134,0.6967213114754098,0.6343283582089553,0.6640625000000001,85,37,49,22,122,134
gliph2,YLQPRTFLL,YLQ,295,2447,2447,0,cdr3,421,172,0.6508620689655172,0.877906976744186,0.7475247524752475,151,81,21,168,232,172
gliph2,GLCTLVAML,GLC,173,878,878,0,cdr3+vj,193,134,0.75,0.6268656716417911,0.6829268292682927,84,28,50,31,112,134
gliph2,YLQPRTFLL,YLQ,295,2447,2447,0,cdr3+vj,421,172,0.6529680365296804,0.8313953488372093,0.731457800511509,143,76,29,173,219,172
hamming1,GLCTLVAML,GLC,195,583,583,0,cdr3,193,134,0.6764705882352942,0.6865671641791045,0.6814814814814815,92,44,42,15,136,134
hamming1,YLQPRTFLL,YLQ,65,486,486,0,cdr3,421,172,0.5863636363636363,0.75,0.6581632653061223,129,91,43,158,220,172
hamming1,GLCTLVAML,GLC,195,583,583,0,cdr3+vj,193,134,0.72,0.6716417910447762,0.6949806949806949,90,35,44,24,125,134
hamming1,YLQPRTFLL,YLQ,65,486,486,0,cdr3+vj,421,172,0.5845410628019324,0.7034883720930233,0.6385224274406333,121,86,51,163,207,172
redcea,GLCTLVAML,GLC,1577,98941,98941,0,cdr3,193,134,0.7021276595744681,0.9850746268656716,0.8198757763975155,132,56,2,3,188,134
redcea,YLQPRTFLL,YLQ,3298,4502,4502,0,cdr3,421,172,0.6829268292682927,0.813953488372093,0.7427055702917772,140,65,32,184,205,172
redcea,GLCTLVAML,GLC,1577,98941,98941,0,cdr3+vj,193,134,0.7413793103448276,0.9626865671641791,0.8376623376623377,129,45,5,14,174,134
redcea,YLQPRTFLL,YLQ,3298,4502,4502,0,cdr3+vj,421,172,0.676923076923077,0.7674418604651163,0.7193460490463215,132,63,40,186,195,172
tcrdist3,GLCTLVAML,GLC,119,679,679,0,cdr3,193,134,0.6944444444444444,0.746268656716418,0.7194244604316546,100,44,34,15,144,134
tcrdist3,YLQPRTFLL,YLQ,52,594,594,0,cdr3,421,172,0.5592592592592592,0.877906976744186,0.6832579185520362,151,119,21,130,270,172
tcrdist3,GLCTLVAML,GLC,119,679,679,0,cdr3+vj,193,134,0.7424242424242424,0.7313432835820896,0.736842105263158,98,34,36,25,132,134
tcrdist3,YLQPRTFLL,YLQ,52,594,594,0,cdr3+vj,421,172,0.556420233463035,0.8313953488372093,0.6666666666666667,143,114,29,135,257,172
tcrnet,GLCTLVAML,GLC,18,215,215,0,cdr3,193,134,0.7222222222222222,0.48507462686567165,0.5803571428571428,65,25,69,34,90,134
tcrnet,YLQPRTFLL,YLQ,7,353,353,0,cdr3,421,172,0.7278481012658228,0.6686046511627907,0.696969696969697,115,43,57,206,158,172
tcrnet,GLCTLVAML,GLC,18,215,215,0,cdr3+vj,193,134,0.8,0.47761194029850745,0.5981308411214953,64,16,70,43,80,134
tcrnet,YLQPRTFLL,YLQ,7,353,353,0,cdr3+vj,421,172,0.7328767123287672,0.622093023255814,0.6729559748427674,107,39,65,210,146,172
